seen_time,detected_time,detection_latency_ms,src_ip,dst_ip,protocol,length,status,reason,attack_type,ground_truth_label
2025-11-10T19:36:20.456826,2025-11-10T19:36:20.466900,10.074,0.0.0.0,0.0.0.0,0,0,Anomaly,Statistical anomaly,BENIGN,
2025-11-10T19:36:20.520989,2025-11-10T19:36:20.530294,9.305000000000001,0.0.0.0,0.0.0.0,0,0,Anomaly,Statistical anomaly,BENIGN,
2025-11-10T19:36:20.554811,2025-11-10T19:36:20.565816,11.004999999999999,0.0.0.0,0.0.0.0,0,0,Anomaly,Statistical anomaly,BENIGN,
2025-11-10T19:36:20.592456,2025-11-10T19:36:20.603021,10.565,0.0.0.0,0.0.0.0,0,0,Anomaly,Statistical anomaly,BENIGN,
2025-11-10T19:36:20.623378,2025-11-10T19:36:20.636251,12.873000000000001,0.0.0.0,0.0.0.0,0,0,Anomaly,Statistical anomaly,BENIGN,
2025-11-10T19:36:20.652893,2025-11-10T19:36:20.663734,10.841,0.0.0.0,0.0.0.0,0,0,Anomaly,Statistical anomaly,BENIGN,
2025-11-10T19:36:20.674364,2025-11-10T19:36:20.685030,10.666,0.0.0.0,0.0.0.0,0,0,Anomaly,Statistical anomaly,BENIGN,
2025-11-10T19:36:20.707430,2025-11-10T19:36:20.717983,10.552999999999999,0.0.0.0,0.0.0.0,0,0,Anomaly,Statistical anomaly,BENIGN,
2025-11-10T19:36:20.869760,2025-11-10T19:36:20.878719,8.959,0.0.0.0,0.0.0.0,0,0,Anomaly,Statistical anomaly,BENIGN,
2025-11-10T19:36:20.929744,2025-11-10T19:36:20.939074,9.33,0.0.0.0,0.0.0.0,0,0,Anomaly,Statistical anomaly,BENIGN,
2025-11-10T19:36:20.963455,2025-11-10T19:36:20.973710,10.255,0.0.0.0,0.0.0.0,0,0,Anomaly,Statistical anomaly,BENIGN,
2025-11-10T19:36:20.990872,2025-11-10T19:36:21.001523,10.651000000000002,0.0.0.0,0.0.0.0,0,0,Anomaly,Statistical anomaly,BENIGN,
2025-11-10T19:36:21.029717,2025-11-10T19:36:21.042628,12.911000000000001,0.0.0.0,0.0.0.0,0,0,Anomaly,Statistical anomaly,BENIGN,
2025-11-10T19:36:21.053454,2025-11-10T19:36:21.064610,11.155999999999999,0.0.0.0,0.0.0.0,0,0,Anomaly,Statistical anomaly,BENIGN,
2025-11-10T19:36:21.092284,2025-11-10T19:36:21.103290,11.006,0.0.0.0,0.0.0.0,0,0,Anomaly,Statistical anomaly,BENIGN,
2025-11-10T19:36:21.131527,2025-11-10T19:36:21.141450,9.923,0.0.0.0,0.0.0.0,0,0,Anomaly,Statistical anomaly,BENIGN,
2025-11-10T19:36:21.198465,2025-11-10T19:36:21.211856,13.391,0.0.0.0,0.0.0.0,0,0,Anomaly,Statistical anomaly,BENIGN,
2025-11-10T19:36:21.228676,2025-11-10T19:36:21.240941,12.265,0.0.0.0,0.0.0.0,0,0,Anomaly,Statistical anomaly,BENIGN,
2025-11-10T19:36:21.267500,2025-11-10T19:36:21.279969,12.469,0.0.0.0,0.0.0.0,0,0,Anomaly,Statistical anomaly,BENIGN,
2025-11-10T19:36:21.306319,2025-11-10T19:36:21.319910,13.591000000000001,0.0.0.0,0.0.0.0,0,0,Anomaly,Statistical anomaly,BENIGN,
2025-11-10T19:36:21.344266,2025-11-10T19:36:21.356872,12.606,0.0.0.0,0.0.0.0,0,0,Anomaly,Statistical anomaly,BENIGN,
2025-11-10T19:36:21.370733,2025-11-10T19:36:21.382337,11.604,0.0.0.0,0.0.0.0,0,0,Anomaly,Statistical anomaly,BENIGN,
2025-11-10T19:36:21.394622,2025-11-10T19:36:21.404252,9.629999999999999,0.0.0.0,0.0.0.0,0,0,Anomaly,Statistical anomaly,BENIGN,
2025-11-10T19:36:21.444842,2025-11-10T19:36:21.454557,9.715,0.0.0.0,0.0.0.0,0,0,Anomaly,Statistical anomaly,BENIGN,
2025-11-10T19:36:21.477066,2025-11-10T19:36:21.486194,9.128,0.0.0.0,0.0.0.0,0,0,Anomaly,Statistical anomaly,BENIGN,
2025-11-10T19:36:21.503993,2025-11-10T19:36:21.514012,10.019,0.0.0.0,0.0.0.0,0,0,Anomaly,Statistical anomaly,BENIGN,
2025-11-10T19:36:21.528164,2025-11-10T19:36:21.537290,9.126000000000001,0.0.0.0,0.0.0.0,0,0,Anomaly,Statistical anomaly,BENIGN,
2025-11-10T19:36:21.559314,2025-11-10T19:36:21.568910,9.596,0.0.0.0,0.0.0.0,0,0,Anomaly,Statistical anomaly,BENIGN,
2025-11-10T19:36:21.582162,2025-11-10T19:36:21.595447,13.285,0.0.0.0,0.0.0.0,0,0,Anomaly,Statistical anomaly,BENIGN,
2025-11-10T19:36:21.608050,2025-11-10T19:36:21.619608,11.558,0.0.0.0,0.0.0.0,0,0,Anomaly,Statistical anomaly,BENIGN,
2025-11-10T19:36:21.647331,2025-11-10T19:36:21.659641,12.31,0.0.0.0,0.0.0.0,0,0,Anomaly,Statistical anomaly,BENIGN,
2025-11-10T19:36:21.680811,2025-11-10T19:36:21.689927,9.116000000000001,0.0.0.0,0.0.0.0,0,0,Anomaly,Statistical anomaly,BENIGN,
2025-11-10T19:36:21.715664,2025-11-10T19:36:21.729093,13.429,0.0.0.0,0.0.0.0,0,0,Anomaly,Statistical anomaly,BENIGN,
2025-11-10T19:36:21.744054,2025-11-10T19:36:21.753406,9.351999999999999,0.0.0.0,0.0.0.0,0,0,Anomaly,Statistical anomaly,BENIGN,
2025-11-10T19:36:21.768295,2025-11-10T19:36:21.782170,13.875,0.0.0.0,0.0.0.0,0,0,Anomaly,Statistical anomaly,BENIGN,
2025-11-10T19:36:21.795554,2025-11-10T19:36:21.805467,9.913,0.0.0.0,0.0.0.0,0,0,Anomaly,Statistical anomaly,BENIGN,
2025-11-10T19:36:21.830902,2025-11-10T19:36:21.840322,9.42,0.0.0.0,0.0.0.0,0,0,Anomaly,Statistical anomaly,BENIGN,
2025-11-10T19:36:21.865750,2025-11-10T19:36:21.874547,8.796999999999999,0.0.0.0,0.0.0.0,0,0,Anomaly,Statistical anomaly,BENIGN,
2025-11-10T19:36:21.901883,2025-11-10T19:36:21.914392,12.508999999999999,0.0.0.0,0.0.0.0,0,0,Anomaly,Statistical anomaly,BENIGN,
2025-11-10T19:36:21.927437,2025-11-10T19:36:21.937202,9.764999999999999,0.0.0.0,0.0.0.0,0,0,Anomaly,Statistical anomaly,BENIGN,
2025-11-10T19:36:21.959367,2025-11-10T19:36:21.972339,12.972,0.0.0.0,0.0.0.0,0,0,Anomaly,Statistical anomaly,BENIGN,
2025-11-10T19:36:21.992559,2025-11-10T19:36:22.005571,13.011999999999999,0.0.0.0,0.0.0.0,0,0,Anomaly,Statistical anomaly,BENIGN,
2025-11-10T19:36:22.022496,2025-11-10T19:36:22.035868,13.372,0.0.0.0,0.0.0.0,0,0,Anomaly,Statistical anomaly,BENIGN,
2025-11-10T19:36:22.063410,2025-11-10T19:36:22.076260,12.85,0.0.0.0,0.0.0.0,0,0,Anomaly,Statistical anomaly,BENIGN,
2025-11-10T19:36:22.087868,2025-11-10T19:36:22.099760,11.892,0.0.0.0,0.0.0.0,0,0,Anomaly,Statistical anomaly,BENIGN,
2025-11-10T19:36:22.111382,2025-11-10T19:36:22.123480,12.097999999999999,0.0.0.0,0.0.0.0,0,0,Anomaly,Statistical anomaly,BENIGN,
2025-11-10T19:36:22.147550,2025-11-10T19:36:22.158835,11.285,0.0.0.0,0.0.0.0,0,0,Anomaly,Statistical anomaly,BENIGN,
2025-11-10T19:36:22.168825,2025-11-10T19:36:22.180015,11.19,0.0.0.0,0.0.0.0,0,0,Anomaly,Statistical anomaly,BENIGN,
2025-11-10T19:36:22.207062,2025-11-10T19:36:22.217112,10.05,0.0.0.0,0.0.0.0,0,0,Anomaly,Statistical anomaly,BENIGN,
2025-11-10T19:36:22.246489,2025-11-10T19:36:22.256023,9.534,0.0.0.0,0.0.0.0,0,0,Anomaly,Statistical anomaly,BENIGN,
2025-11-10T19:36:22.266276,2025-11-10T19:36:22.276734,10.458,0.0.0.0,0.0.0.0,0,0,Anomaly,Statistical anomaly,BENIGN,
2025-11-10T19:36:22.301851,2025-11-10T19:36:22.311152,9.301,0.0.0.0,0.0.0.0,0,0,Anomaly,Statistical anomaly,BENIGN,
2025-11-10T19:36:22.326597,2025-11-10T19:36:22.336211,9.613999999999999,0.0.0.0,0.0.0.0,0,0,Anomaly,Statistical anomaly,BENIGN,
2025-11-10T19:36:22.348707,2025-11-10T19:36:22.358038,9.331000000000001,0.0.0.0,0.0.0.0,0,0,Anomaly,Statistical anomaly,BENIGN,
2025-11-10T19:36:22.376364,2025-11-10T19:36:22.389270,12.906,0.0.0.0,0.0.0.0,0,0,Anomaly,Statistical anomaly,BENIGN,
2025-11-10T19:36:22.445562,2025-11-10T19:36:22.462346,16.784,0.0.0.0,0.0.0.0,0,0,Anomaly,Statistical anomaly,BENIGN,
2025-11-10T19:36:22.481387,2025-11-10T19:36:22.493552,12.165000000000001,0.0.0.0,0.0.0.0,0,0,Anomaly,Statistical anomaly,BENIGN,
2025-11-10T19:36:22.520873,2025-11-10T19:36:22.530697,9.824,0.0.0.0,0.0.0.0,0,0,Anomaly,Statistical anomaly,BENIGN,
2025-11-10T19:36:22.546626,2025-11-10T19:36:22.555754,9.128,0.0.0.0,0.0.0.0,0,0,Anomaly,Statistical anomaly,BENIGN,
2025-11-10T19:36:22.578162,2025-11-10T19:36:22.587770,9.608,0.0.0.0,0.0.0.0,0,0,Anomaly,Statistical anomaly,BENIGN,
2025-11-10T19:36:22.611895,2025-11-10T19:36:22.621747,9.852,0.0.0.0,0.0.0.0,0,0,Anomaly,Statistical anomaly,BENIGN,
2025-11-10T19:36:22.647164,2025-11-10T19:36:22.656620,9.456000000000001,0.0.0.0,0.0.0.0,0,0,Anomaly,Statistical anomaly,BENIGN,
2025-11-10T19:36:22.667352,2025-11-10T19:36:22.677862,10.51,0.0.0.0,0.0.0.0,0,0,Anomaly,Statistical anomaly,BENIGN,
2025-11-10T19:36:22.688087,2025-11-10T19:36:22.696887,8.8,0.0.0.0,0.0.0.0,0,0,Anomaly,Statistical anomaly,BENIGN,
2025-11-10T19:36:22.725194,2025-11-10T19:36:22.737924,12.73,0.0.0.0,0.0.0.0,0,0,Anomaly,Statistical anomaly,BENIGN,
2025-11-10T19:36:22.754009,2025-11-10T19:36:22.765358,11.349,0.0.0.0,0.0.0.0,0,0,Anomaly,Statistical anomaly,BENIGN,
2025-11-10T19:36:22.793162,2025-11-10T19:36:22.806792,13.629999999999999,0.0.0.0,0.0.0.0,0,0,Anomaly,Statistical anomaly,BENIGN,
2025-11-10T19:36:22.819197,2025-11-10T19:36:22.831424,12.227,0.0.0.0,0.0.0.0,0,0,Anomaly,Statistical anomaly,BENIGN,
2025-11-10T19:36:22.842492,2025-11-10T19:36:22.853991,11.499,0.0.0.0,0.0.0.0,0,0,Anomaly,Statistical anomaly,BENIGN,
2025-11-10T19:36:22.880669,2025-11-10T19:36:22.892995,12.326,0.0.0.0,0.0.0.0,0,0,Anomaly,Statistical anomaly,BENIGN,
2025-11-10T19:36:22.950834,2025-11-10T19:36:22.965043,14.209,0.0.0.0,0.0.0.0,0,0,Anomaly,Statistical anomaly,BENIGN,
2025-11-10T19:36:22.980414,2025-11-10T19:36:22.992129,11.715,0.0.0.0,0.0.0.0,0,0,Anomaly,Statistical anomaly,BENIGN,
2025-11-10T19:36:23.012475,2025-11-10T19:36:23.022698,10.222999999999999,0.0.0.0,0.0.0.0,0,0,Anomaly,Statistical anomaly,BENIGN,
2025-11-10T19:36:23.045376,2025-11-10T19:36:23.054647,9.270999999999999,0.0.0.0,0.0.0.0,0,0,Anomaly,Statistical anomaly,BENIGN,
2025-11-10T19:36:23.070500,2025-11-10T19:36:23.079705,9.205,0.0.0.0,0.0.0.0,0,0,Anomaly,Statistical anomaly,BENIGN,
2025-11-10T19:36:23.107736,2025-11-10T19:36:23.119454,11.718,0.0.0.0,0.0.0.0,0,0,Anomaly,Statistical anomaly,BENIGN,
2025-11-10T19:36:23.137306,2025-11-10T19:36:23.151146,13.84,0.0.0.0,0.0.0.0,0,0,Anomaly,Statistical anomaly,BENIGN,
2025-11-10T19:36:23.163874,2025-11-10T19:36:23.175984,12.11,0.0.0.0,0.0.0.0,0,0,Anomaly,Statistical anomaly,BENIGN,
2025-11-10T19:36:23.193151,2025-11-10T19:36:23.204219,11.068,0.0.0.0,0.0.0.0,0,0,Anomaly,Statistical anomaly,BENIGN,
2025-11-10T19:36:23.218783,2025-11-10T19:36:23.229269,10.486,0.0.0.0,0.0.0.0,0,0,Anomaly,Statistical anomaly,BENIGN,
2025-11-10T19:36:23.271200,2025-11-10T19:36:23.282309,11.109,0.0.0.0,0.0.0.0,0,0,Anomaly,Statistical anomaly,BENIGN,
2025-11-10T19:36:23.295691,2025-11-10T19:36:23.306314,10.623000000000001,0.0.0.0,0.0.0.0,0,0,Anomaly,Statistical anomaly,BENIGN,
2025-11-10T19:36:23.332295,2025-11-10T19:36:23.343574,11.279000000000002,0.0.0.0,0.0.0.0,0,0,Anomaly,Statistical anomaly,BENIGN,
2025-11-10T19:36:23.358008,2025-11-10T19:36:23.371202,13.194,0.0.0.0,0.0.0.0,0,0,Anomaly,Statistical anomaly,BENIGN,
2025-11-10T19:36:23.385262,2025-11-10T19:36:23.398625,13.363,0.0.0.0,0.0.0.0,0,0,Anomaly,Statistical anomaly,BENIGN,
2025-11-10T19:36:23.427550,2025-11-10T19:36:23.439782,12.232,0.0.0.0,0.0.0.0,0,0,Anomaly,Statistical anomaly,BENIGN,
2025-11-10T19:36:23.458490,2025-11-10T19:36:23.470051,11.561,0.0.0.0,0.0.0.0,0,0,Anomaly,Statistical anomaly,BENIGN,
2025-11-10T19:36:23.496052,2025-11-10T19:36:23.508550,12.498000000000001,0.0.0.0,0.0.0.0,0,0,Anomaly,Statistical anomaly,BENIGN,
2025-11-10T19:36:23.555033,2025-11-10T19:36:23.564328,9.295,0.0.0.0,0.0.0.0,0,0,Anomaly,Statistical anomaly,BENIGN,
2025-11-10T19:36:23.581949,2025-11-10T19:36:23.593327,11.378,0.0.0.0,0.0.0.0,0,0,Anomaly,Statistical anomaly,BENIGN,
2025-11-10T19:36:23.617745,2025-11-10T19:36:23.629153,11.408,0.0.0.0,0.0.0.0,0,0,Anomaly,Statistical anomaly,BENIGN,
2025-11-10T19:36:23.658109,2025-11-10T19:36:23.667962,9.853000000000002,0.0.0.0,0.0.0.0,0,0,Anomaly,Statistical anomaly,BENIGN,
2025-11-10T19:36:23.684561,2025-11-10T19:36:23.695870,11.309,0.0.0.0,0.0.0.0,0,0,Anomaly,Statistical anomaly,BENIGN,
2025-11-10T19:36:23.721908,2025-11-10T19:36:23.730992,9.084,0.0.0.0,0.0.0.0,0,0,Anomaly,Statistical anomaly,BENIGN,
2025-11-10T19:36:23.744011,2025-11-10T19:36:23.754048,10.037,0.0.0.0,0.0.0.0,0,0,Anomaly,Statistical anomaly,BENIGN,
2025-11-10T19:36:23.798170,2025-11-10T19:36:23.807347,9.177,0.0.0.0,0.0.0.0,0,0,Anomaly,Statistical anomaly,BENIGN,
2025-11-10T19:36:23.823364,2025-11-10T19:36:23.833055,9.691,0.0.0.0,0.0.0.0,0,0,Anomaly,Statistical anomaly,BENIGN,
2025-11-10T19:36:23.851410,2025-11-10T19:36:23.864774,13.363999999999999,0.0.0.0,0.0.0.0,0,0,Anomaly,Statistical anomaly,BENIGN,
2025-11-10T19:36:23.885708,2025-11-10T19:36:23.898723,13.015,0.0.0.0,0.0.0.0,0,0,Anomaly,Statistical anomaly,BENIGN,
2025-11-10T19:36:23.928569,2025-11-10T19:36:23.941265,12.696000000000002,0.0.0.0,0.0.0.0,0,0,Anomaly,Statistical anomaly,BENIGN,
2025-11-10T19:36:23.969692,2025-11-10T19:36:23.981655,11.963,0.0.0.0,0.0.0.0,0,0,Anomaly,Statistical anomaly,BENIGN,
2025-11-10T19:36:24.007102,2025-11-10T19:36:24.016775,9.673,0.0.0.0,0.0.0.0,0,0,Anomaly,Statistical anomaly,BENIGN,
2025-11-10T19:36:24.035993,2025-11-10T19:36:24.048052,12.059000000000001,0.0.0.0,0.0.0.0,0,0,Anomaly,Statistical anomaly,BENIGN,
2025-11-10T19:36:24.064690,2025-11-10T19:36:24.077964,13.274,0.0.0.0,0.0.0.0,0,0,Anomaly,Statistical anomaly,BENIGN,
2025-11-10T19:36:24.095081,2025-11-10T19:36:24.107025,11.943999999999999,0.0.0.0,0.0.0.0,0,0,Anomaly,Statistical anomaly,BENIGN,
2025-11-10T19:36:24.124316,2025-11-10T19:36:24.137605,13.289,0.0.0.0,0.0.0.0,0,0,Anomaly,Statistical anomaly,BENIGN,
2025-11-10T19:36:24.157182,2025-11-10T19:36:24.168104,10.921999999999999,0.0.0.0,0.0.0.0,0,0,Anomaly,Statistical anomaly,BENIGN,
2025-11-10T19:36:24.195765,2025-11-10T19:36:24.209074,13.309,0.0.0.0,0.0.0.0,0,0,Anomaly,Statistical anomaly,BENIGN,
2025-11-10T19:36:24.228783,2025-11-10T19:36:24.241166,12.383,0.0.0.0,0.0.0.0,0,0,Anomaly,Statistical anomaly,BENIGN,
2025-11-10T19:36:24.254149,2025-11-10T19:36:24.266077,11.927999999999999,0.0.0.0,0.0.0.0,0,0,Anomaly,Statistical anomaly,BENIGN,
2025-11-10T19:36:24.292964,2025-11-10T19:36:24.304979,12.014999999999999,0.0.0.0,0.0.0.0,0,0,Anomaly,Statistical anomaly,BENIGN,
2025-11-10T19:36:24.325208,2025-11-10T19:36:24.336249,11.041,0.0.0.0,0.0.0.0,0,0,Anomaly,Statistical anomaly,BENIGN,
2025-11-10T19:36:24.348223,2025-11-10T19:36:24.359772,11.549,0.0.0.0,0.0.0.0,0,0,Anomaly,Statistical anomaly,BENIGN,
2025-11-10T19:36:24.379426,2025-11-10T19:36:24.390375,10.949,0.0.0.0,0.0.0.0,0,0,Anomaly,Statistical anomaly,BENIGN,
2025-11-10T19:36:24.404310,2025-11-10T19:36:24.417412,13.102,0.0.0.0,0.0.0.0,0,0,Anomaly,Statistical anomaly,BENIGN,
2025-11-10T19:36:24.429149,2025-11-10T19:36:24.443150,14.001,0.0.0.0,0.0.0.0,0,0,Anomaly,Statistical anomaly,BENIGN,
2025-11-10T19:36:24.464671,2025-11-10T19:36:24.477506,12.834999999999999,0.0.0.0,0.0.0.0,0,0,Anomaly,Statistical anomaly,BENIGN,
2025-11-10T19:36:24.491464,2025-11-10T19:36:24.503975,12.511,0.0.0.0,0.0.0.0,0,0,Anomaly,Statistical anomaly,BENIGN,
2025-11-10T19:36:24.531006,2025-11-10T19:36:24.543112,12.106,0.0.0.0,0.0.0.0,0,0,Anomaly,Statistical anomaly,BENIGN,
2025-11-10T19:36:24.565064,2025-11-10T19:36:24.578595,13.530999999999999,0.0.0.0,0.0.0.0,0,0,Anomaly,Statistical anomaly,BENIGN,
2025-11-10T19:36:24.596606,2025-11-10T19:36:24.607864,11.258000000000001,0.0.0.0,0.0.0.0,0,0,Anomaly,Statistical anomaly,BENIGN,
2025-11-10T19:36:24.628317,2025-11-10T19:36:24.640234,11.917,0.0.0.0,0.0.0.0,0,0,Anomaly,Statistical anomaly,BENIGN,
2025-11-10T19:36:24.655463,2025-11-10T19:36:24.668105,12.642000000000001,0.0.0.0,0.0.0.0,0,0,Anomaly,Statistical anomaly,BENIGN,
2025-11-10T19:36:24.683128,2025-11-10T19:36:24.695773,12.645,0.0.0.0,0.0.0.0,0,0,Anomaly,Statistical anomaly,BENIGN,
2025-11-10T19:36:24.718177,2025-11-10T19:36:24.731291,13.114,0.0.0.0,0.0.0.0,0,0,Anomaly,Statistical anomaly,BENIGN,
2025-11-10T19:36:24.747446,2025-11-10T19:36:24.758571,11.125,0.0.0.0,0.0.0.0,0,0,Anomaly,Statistical anomaly,BENIGN,
2025-11-10T19:36:24.769594,2025-11-10T19:36:24.779830,10.236,0.0.0.0,0.0.0.0,0,0,Anomaly,Statistical anomaly,BENIGN,
2025-11-10T19:36:24.840540,2025-11-10T19:36:24.861047,20.507,0.0.0.0,0.0.0.0,0,0,Anomaly,Statistical anomaly,BENIGN,
2025-11-10T19:36:24.872893,2025-11-10T19:36:24.886975,14.082,0.0.0.0,0.0.0.0,0,0,Anomaly,Statistical anomaly,BENIGN,
2025-11-10T19:36:24.905628,2025-11-10T19:36:24.915092,9.464,0.0.0.0,0.0.0.0,0,0,Anomaly,Statistical anomaly,BENIGN,
2025-11-10T19:36:24.941616,2025-11-10T19:36:24.951742,10.126,0.0.0.0,0.0.0.0,0,0,Anomaly,Statistical anomaly,BENIGN,
2025-11-10T19:36:24.968448,2025-11-10T19:36:24.978219,9.771,0.0.0.0,0.0.0.0,0,0,Anomaly,Statistical anomaly,BENIGN,
2025-11-10T19:36:25.005038,2025-11-10T19:36:25.016193,11.155,0.0.0.0,0.0.0.0,0,0,Anomaly,Statistical anomaly,BENIGN,
2025-11-10T19:36:25.036306,2025-11-10T19:36:25.047512,11.206000000000001,0.0.0.0,0.0.0.0,0,0,Anomaly,Statistical anomaly,BENIGN,
2025-11-10T19:36:25.097755,2025-11-10T19:36:25.106895,9.14,0.0.0.0,0.0.0.0,0,0,Anomaly,Statistical anomaly,BENIGN,
2025-11-10T19:36:25.132553,2025-11-10T19:36:25.142538,9.985000000000001,0.0.0.0,0.0.0.0,0,0,Anomaly,Statistical anomaly,BENIGN,
2025-11-10T19:36:25.166892,2025-11-10T19:36:25.178005,11.113,0.0.0.0,0.0.0.0,0,0,Anomaly,Statistical anomaly,BENIGN,
2025-11-10T19:36:25.220406,2025-11-10T19:36:25.229996,9.59,0.0.0.0,0.0.0.0,0,0,Anomaly,Statistical anomaly,BENIGN,
2025-11-10T19:36:25.239883,2025-11-10T19:36:25.250175,10.292000000000002,0.0.0.0,0.0.0.0,0,0,Anomaly,Statistical anomaly,BENIGN,
2025-11-10T19:36:25.264763,2025-11-10T19:36:25.276425,11.662,0.0.0.0,0.0.0.0,0,0,Anomaly,Statistical anomaly,BENIGN,
2025-11-10T19:36:25.302435,2025-11-10T19:36:25.312528,10.093,0.0.0.0,0.0.0.0,0,0,Anomaly,Statistical anomaly,BENIGN,
2025-11-10T19:36:25.334703,2025-11-10T19:36:25.345005,10.302,0.0.0.0,0.0.0.0,0,0,Anomaly,Statistical anomaly,BENIGN,
2025-11-10T19:36:25.363063,2025-11-10T19:36:25.372522,9.459,0.0.0.0,0.0.0.0,0,0,Anomaly,Statistical anomaly,BENIGN,
2025-11-10T19:36:25.399231,2025-11-10T19:36:25.412545,13.314,0.0.0.0,0.0.0.0,0,0,Anomaly,Statistical anomaly,BENIGN,
2025-11-10T19:36:25.430460,2025-11-10T19:36:25.444463,14.003,0.0.0.0,0.0.0.0,0,0,Anomaly,Statistical anomaly,BENIGN,
2025-11-10T19:36:25.454806,2025-11-10T19:36:25.468703,13.897,0.0.0.0,0.0.0.0,0,0,Anomaly,Statistical anomaly,BENIGN,
2025-11-10T19:36:25.489854,2025-11-10T19:36:25.503272,13.418,0.0.0.0,0.0.0.0,0,0,Anomaly,Statistical anomaly,BENIGN,
2025-11-10T19:36:25.527954,2025-11-10T19:36:25.538740,10.786,0.0.0.0,0.0.0.0,0,0,Anomaly,Statistical anomaly,BENIGN,
2025-11-10T19:36:25.583969,2025-11-10T19:36:25.597243,13.274,0.0.0.0,0.0.0.0,0,0,Anomaly,Statistical anomaly,BENIGN,
2025-11-10T19:36:25.607906,2025-11-10T19:36:25.616599,8.693,0.0.0.0,0.0.0.0,0,0,Anomaly,Statistical anomaly,BENIGN,
2025-11-10T19:36:25.643869,2025-11-10T19:36:25.657207,13.338,0.0.0.0,0.0.0.0,0,0,Anomaly,Statistical anomaly,BENIGN,
2025-11-10T19:36:25.683354,2025-11-10T19:36:25.695641,12.286999999999999,0.0.0.0,0.0.0.0,0,0,Anomaly,Statistical anomaly,BENIGN,
2025-11-10T19:36:25.739944,2025-11-10T19:36:25.753071,13.126999999999999,0.0.0.0,0.0.0.0,0,0,Anomaly,Statistical anomaly,BENIGN,
2025-11-10T19:36:25.768798,2025-11-10T19:36:25.780018,11.22,0.0.0.0,0.0.0.0,0,0,Anomaly,Statistical anomaly,BENIGN,
2025-11-10T19:36:25.806268,2025-11-10T19:36:25.818833,12.565,0.0.0.0,0.0.0.0,0,0,Anomaly,Statistical anomaly,BENIGN,
2025-11-10T19:36:25.846533,2025-11-10T19:36:25.856737,10.203999999999999,0.0.0.0,0.0.0.0,0,0,Anomaly,Statistical anomaly,BENIGN,
2025-11-10T19:36:25.871129,2025-11-10T19:36:25.880998,9.869,0.0.0.0,0.0.0.0,0,0,Anomaly,Statistical anomaly,BENIGN,
2025-11-10T19:36:25.905945,2025-11-10T19:36:25.916095,10.149999999999999,0.0.0.0,0.0.0.0,0,0,Anomaly,Statistical anomaly,BENIGN,
2025-11-10T19:36:25.933498,2025-11-10T19:36:25.943160,9.662,0.0.0.0,0.0.0.0,0,0,Anomaly,Statistical anomaly,BENIGN,
2025-11-10T19:36:25.955395,2025-11-10T19:36:25.964924,9.529,0.0.0.0,0.0.0.0,0,0,Anomaly,Statistical anomaly,BENIGN,
2025-11-10T19:36:26.019733,2025-11-10T19:36:26.029291,9.558,0.0.0.0,0.0.0.0,0,0,Anomaly,Statistical anomaly,BENIGN,
2025-11-10T19:36:26.054405,2025-11-10T19:36:26.069168,14.763,0.0.0.0,0.0.0.0,0,0,Anomaly,Statistical anomaly,BENIGN,
2025-11-10T19:36:26.079377,2025-11-10T19:36:26.088651,9.274,0.0.0.0,0.0.0.0,0,0,Anomaly,Statistical anomaly,BENIGN,
2025-11-10T19:36:26.104575,2025-11-10T19:36:26.115210,10.635,0.0.0.0,0.0.0.0,0,0,Anomaly,Statistical anomaly,BENIGN,
2025-11-10T19:36:26.141558,2025-11-10T19:36:26.153733,12.175,0.0.0.0,0.0.0.0,0,0,Anomaly,Statistical anomaly,BENIGN,
2025-11-10T19:36:26.180993,2025-11-10T19:36:26.193246,12.253,0.0.0.0,0.0.0.0,0,0,Anomaly,Statistical anomaly,BENIGN,
2025-11-10T19:36:26.218833,2025-11-10T19:36:26.231522,12.689,0.0.0.0,0.0.0.0,0,0,Anomaly,Statistical anomaly,BENIGN,
2025-11-10T19:36:26.287555,2025-11-10T19:36:26.297200,9.645000000000001,0.0.0.0,0.0.0.0,0,0,Anomaly,Statistical anomaly,BENIGN,
2025-11-10T19:36:26.311553,2025-11-10T19:36:26.321822,10.269,0.0.0.0,0.0.0.0,0,0,Anomaly,Statistical anomaly,BENIGN,
2025-11-10T19:36:26.340376,2025-11-10T19:36:26.350069,9.693,0.0.0.0,0.0.0.0,0,0,Anomaly,Statistical anomaly,BENIGN,
2025-11-10T19:36:26.375016,2025-11-10T19:36:26.385641,10.625,0.0.0.0,0.0.0.0,0,0,Anomaly,Statistical anomaly,BENIGN,
2025-11-10T19:36:26.401991,2025-11-10T19:36:26.412838,10.847000000000001,0.0.0.0,0.0.0.0,0,0,Anomaly,Statistical anomaly,BENIGN,
2025-11-10T19:36:26.427650,2025-11-10T19:36:26.438111,10.461,0.0.0.0,0.0.0.0,0,0,Anomaly,Statistical anomaly,BENIGN,
2025-11-10T19:36:26.466635,2025-11-10T19:36:26.477478,10.843,0.0.0.0,0.0.0.0,0,0,Anomaly,Statistical anomaly,BENIGN,
2025-11-10T19:36:26.504303,2025-11-10T19:36:26.516585,12.282,0.0.0.0,0.0.0.0,0,0,Anomaly,Statistical anomaly,BENIGN,
2025-11-10T19:36:26.546088,2025-11-10T19:36:26.555534,9.446,0.0.0.0,0.0.0.0,0,0,Anomaly,Statistical anomaly,BENIGN,
2025-11-10T19:36:26.584652,2025-11-10T19:36:26.597972,13.32,0.0.0.0,0.0.0.0,0,0,Anomaly,Statistical anomaly,BENIGN,
2025-11-10T19:36:26.625806,2025-11-10T19:36:26.638886,13.08,0.0.0.0,0.0.0.0,0,0,Anomaly,Statistical anomaly,BENIGN,
2025-11-10T19:36:26.667392,2025-11-10T19:36:26.678659,11.267,0.0.0.0,0.0.0.0,0,0,Anomaly,Statistical anomaly,BENIGN,
2025-11-10T19:36:26.689763,2025-11-10T19:36:26.701307,11.544,0.0.0.0,0.0.0.0,0,0,Anomaly,Statistical anomaly,BENIGN,
2025-11-10T19:36:26.726947,2025-11-10T19:36:26.738790,11.843,0.0.0.0,0.0.0.0,0,0,Anomaly,Statistical anomaly,BENIGN,
2025-11-10T19:36:26.759437,2025-11-10T19:36:26.768945,9.508000000000001,0.0.0.0,0.0.0.0,0,0,Anomaly,Statistical anomaly,BENIGN,
2025-11-10T19:36:26.785498,2025-11-10T19:36:26.797443,11.945,0.0.0.0,0.0.0.0,0,0,Anomaly,Statistical anomaly,BENIGN,
2025-11-10T19:36:26.811538,2025-11-10T19:36:26.823658,12.120000000000001,0.0.0.0,0.0.0.0,0,0,Anomaly,Statistical anomaly,BENIGN,
2025-11-10T19:36:26.833921,2025-11-10T19:36:26.846115,12.194,0.0.0.0,0.0.0.0,0,0,Anomaly,Statistical anomaly,BENIGN,
2025-11-10T19:36:26.864905,2025-11-10T19:36:26.877198,12.293,0.0.0.0,0.0.0.0,0,0,Anomaly,Statistical anomaly,BENIGN,
2025-11-10T19:36:26.901335,2025-11-10T19:36:26.914387,13.052,0.0.0.0,0.0.0.0,0,0,Anomaly,Statistical anomaly,BENIGN,
2025-11-10T19:36:26.930468,2025-11-10T19:36:26.942089,11.620999999999999,0.0.0.0,0.0.0.0,0,0,Anomaly,Statistical anomaly,BENIGN,
2025-11-10T19:36:26.964923,2025-11-10T19:36:26.978195,13.272,0.0.0.0,0.0.0.0,0,0,Anomaly,Statistical anomaly,BENIGN,
2025-11-10T19:36:26.993846,2025-11-10T19:36:27.002832,8.985999999999999,0.0.0.0,0.0.0.0,0,0,Anomaly,Statistical anomaly,BENIGN,
2025-11-10T19:36:27.025845,2025-11-10T19:36:27.035902,10.057,0.0.0.0,0.0.0.0,0,0,Anomaly,Statistical anomaly,BENIGN,
2025-11-10T19:36:27.051523,2025-11-10T19:36:27.064646,13.123,0.0.0.0,0.0.0.0,0,0,Anomaly,Statistical anomaly,BENIGN,
2025-11-10T19:36:27.081137,2025-11-10T19:36:27.089979,8.841999999999999,0.0.0.0,0.0.0.0,0,0,Anomaly,Statistical anomaly,BENIGN,
2025-11-10T19:36:27.104917,2025-11-10T19:36:27.113748,8.831,0.0.0.0,0.0.0.0,0,0,Anomaly,Statistical anomaly,BENIGN,
2025-11-10T19:36:27.144046,2025-11-10T19:36:27.154277,10.231,0.0.0.0,0.0.0.0,0,0,Anomaly,Statistical anomaly,BENIGN,
2025-11-10T19:36:27.182521,2025-11-10T19:36:27.193997,11.476,0.0.0.0,0.0.0.0,0,0,Anomaly,Statistical anomaly,BENIGN,
2025-11-10T19:36:27.209671,2025-11-10T19:36:27.223279,13.608,0.0.0.0,0.0.0.0,0,0,Anomaly,Statistical anomaly,BENIGN,
2025-11-10T19:36:27.232429,2025-11-10T19:36:27.243969,11.54,0.0.0.0,0.0.0.0,0,0,Anomaly,Statistical anomaly,BENIGN,
2025-11-10T19:36:27.262697,2025-11-10T19:36:27.272112,9.415,0.0.0.0,0.0.0.0,0,0,Anomaly,Statistical anomaly,BENIGN,
2025-11-10T19:36:27.293412,2025-11-10T19:36:27.304697,11.285,0.0.0.0,0.0.0.0,0,0,Anomaly,Statistical anomaly,BENIGN,
2025-11-10T19:36:27.324364,2025-11-10T19:36:27.335561,11.197000000000001,0.0.0.0,0.0.0.0,0,0,Anomaly,Statistical anomaly,BENIGN,
2025-11-10T19:36:27.353916,2025-11-10T19:36:27.365325,11.409,0.0.0.0,0.0.0.0,0,0,Anomaly,Statistical anomaly,BENIGN,
2025-11-10T19:36:27.390069,2025-11-10T19:36:27.400066,9.997,0.0.0.0,0.0.0.0,0,0,Anomaly,Statistical anomaly,BENIGN,
2025-11-10T19:36:27.410750,2025-11-10T19:36:27.420922,10.172,0.0.0.0,0.0.0.0,0,0,Anomaly,Statistical anomaly,BENIGN,
2025-11-10T19:36:27.470309,2025-11-10T19:36:27.480305,9.996,0.0.0.0,0.0.0.0,0,0,Anomaly,Statistical anomaly,BENIGN,
2025-11-10T19:36:27.506840,2025-11-10T19:36:27.520647,13.807,0.0.0.0,0.0.0.0,0,0,Anomaly,Statistical anomaly,BENIGN,
2025-11-10T19:36:27.545494,2025-11-10T19:36:27.558820,13.325999999999999,0.0.0.0,0.0.0.0,0,0,Anomaly,Statistical anomaly,BENIGN,
2025-11-10T19:36:27.573623,2025-11-10T19:36:27.585704,12.081,0.0.0.0,0.0.0.0,0,0,Anomaly,Statistical anomaly,BENIGN,
2025-11-10T19:36:27.601495,2025-11-10T19:36:27.614971,13.476,0.0.0.0,0.0.0.0,0,0,Anomaly,Statistical anomaly,BENIGN,
2025-11-10T19:36:27.641910,2025-11-10T19:36:27.653021,11.110999999999999,0.0.0.0,0.0.0.0,0,0,Anomaly,Statistical anomaly,BENIGN,
2025-11-10T19:36:27.671786,2025-11-10T19:36:27.683447,11.661,0.0.0.0,0.0.0.0,0,0,Anomaly,Statistical anomaly,BENIGN,
2025-11-10T19:36:27.697348,2025-11-10T19:36:27.708176,10.828000000000001,0.0.0.0,0.0.0.0,0,0,Anomaly,Statistical anomaly,BENIGN,
2025-11-10T19:36:27.727744,2025-11-10T19:36:27.739033,11.289,0.0.0.0,0.0.0.0,0,0,Anomaly,Statistical anomaly,BENIGN,
2025-11-10T19:36:27.788638,2025-11-10T19:36:27.800532,11.894,0.0.0.0,0.0.0.0,0,0,Anomaly,Statistical anomaly,BENIGN,
2025-11-10T19:36:27.858668,2025-11-10T19:36:27.868683,10.014999999999999,0.0.0.0,0.0.0.0,0,0,Anomaly,Statistical anomaly,BENIGN,
2025-11-10T19:36:27.880678,2025-11-10T19:36:27.891200,10.522,0.0.0.0,0.0.0.0,0,0,Anomaly,Statistical anomaly,BENIGN,
2025-11-10T19:36:27.904507,2025-11-10T19:36:27.915010,10.503,0.0.0.0,0.0.0.0,0,0,Anomaly,Statistical anomaly,BENIGN,
2025-11-10T19:36:27.934313,2025-11-10T19:36:27.947100,12.786999999999999,0.0.0.0,0.0.0.0,0,0,Anomaly,Statistical anomaly,BENIGN,
2025-11-10T19:36:27.962425,2025-11-10T19:36:27.974057,11.632,0.0.0.0,0.0.0.0,0,0,Anomaly,Statistical anomaly,BENIGN,
2025-11-10T19:36:27.991883,2025-11-10T19:36:28.004190,12.307,0.0.0.0,0.0.0.0,0,0,Anomaly,Statistical anomaly,BENIGN,
2025-11-10T19:36:28.026734,2025-11-10T19:36:28.038906,12.172,0.0.0.0,0.0.0.0,0,0,Anomaly,Statistical anomaly,BENIGN,
2025-11-10T19:36:28.063813,2025-11-10T19:36:28.074468,10.655,0.0.0.0,0.0.0.0,0,0,Anomaly,Statistical anomaly,BENIGN,
2025-11-10T19:36:28.102334,2025-11-10T19:36:28.115463,13.129,0.0.0.0,0.0.0.0,0,0,Anomaly,Statistical anomaly,BENIGN,
2025-11-10T19:36:28.138492,2025-11-10T19:36:28.148475,9.983,0.0.0.0,0.0.0.0,0,0,Anomaly,Statistical anomaly,BENIGN,
2025-11-10T19:36:28.199888,2025-11-10T19:36:28.211521,11.633,0.0.0.0,0.0.0.0,0,0,Anomaly,Statistical anomaly,BENIGN,
2025-11-10T19:36:28.237715,2025-11-10T19:36:28.246748,9.033,0.0.0.0,0.0.0.0,0,0,Anomaly,Statistical anomaly,BENIGN,
2025-11-10T19:36:28.265273,2025-11-10T19:36:28.274401,9.128,0.0.0.0,0.0.0.0,0,0,Anomaly,Statistical anomaly,BENIGN,
2025-11-10T19:36:28.288836,2025-11-10T19:36:28.299230,10.394,0.0.0.0,0.0.0.0,0,0,Anomaly,Statistical anomaly,BENIGN,
2025-11-10T19:36:28.321808,2025-11-10T19:36:28.331430,9.622,0.0.0.0,0.0.0.0,0,0,Anomaly,Statistical anomaly,BENIGN,
2025-11-10T19:36:28.351269,2025-11-10T19:36:28.363415,12.146,0.0.0.0,0.0.0.0,0,0,Anomaly,Statistical anomaly,BENIGN,
2025-11-10T19:36:28.373529,2025-11-10T19:36:28.385699,12.17,0.0.0.0,0.0.0.0,0,0,Anomaly,Statistical anomaly,BENIGN,
2025-11-10T19:36:28.403054,2025-11-10T19:36:28.414172,11.117999999999999,0.0.0.0,0.0.0.0,0,0,Anomaly,Statistical anomaly,BENIGN,
2025-11-10T19:36:28.433984,2025-11-10T19:36:28.444287,10.302999999999999,0.0.0.0,0.0.0.0,0,0,Anomaly,Statistical anomaly,BENIGN,
2025-11-10T19:36:28.457980,2025-11-10T19:36:28.470822,12.841999999999999,0.0.0.0,0.0.0.0,0,0,Anomaly,Statistical anomaly,BENIGN,
2025-11-10T19:36:28.524358,2025-11-10T19:36:28.535557,11.199,0.0.0.0,0.0.0.0,0,0,Anomaly,Statistical anomaly,BENIGN,
2025-11-10T19:36:28.553068,2025-11-10T19:36:28.564174,11.106,0.0.0.0,0.0.0.0,0,0,Anomaly,Statistical anomaly,BENIGN,
2025-11-10T19:36:28.579846,2025-11-10T19:36:28.588528,8.682,0.0.0.0,0.0.0.0,0,0,Anomaly,Statistical anomaly,BENIGN,
2025-11-10T19:36:28.604575,2025-11-10T19:36:28.615705,11.129999999999999,0.0.0.0,0.0.0.0,0,0,Anomaly,Statistical anomaly,BENIGN,
2025-11-10T19:36:28.635788,2025-11-10T19:36:28.648102,12.314,0.0.0.0,0.0.0.0,0,0,Anomaly,Statistical anomaly,BENIGN,
2025-11-10T19:36:28.711706,2025-11-10T19:36:28.722511,10.805,0.0.0.0,0.0.0.0,0,0,Anomaly,Statistical anomaly,BENIGN,
2025-11-10T19:36:28.761912,2025-11-10T19:36:28.774228,12.316,0.0.0.0,0.0.0.0,0,0,Anomaly,Statistical anomaly,BENIGN,
2025-11-10T19:36:28.789782,2025-11-10T19:36:28.799632,9.85,0.0.0.0,0.0.0.0,0,0,Anomaly,Statistical anomaly,BENIGN,
2025-11-10T19:36:28.825153,2025-11-10T19:36:28.836090,10.937000000000001,0.0.0.0,0.0.0.0,0,0,Anomaly,Statistical anomaly,BENIGN,
2025-11-10T19:36:28.854718,2025-11-10T19:36:28.866045,11.327,0.0.0.0,0.0.0.0,0,0,Anomaly,Statistical anomaly,BENIGN,
2025-11-10T19:36:28.885941,2025-11-10T19:36:28.898617,12.676,0.0.0.0,0.0.0.0,0,0,Anomaly,Statistical anomaly,BENIGN,
2025-11-10T19:36:28.912627,2025-11-10T19:36:28.922829,10.202,0.0.0.0,0.0.0.0,0,0,Anomaly,Statistical anomaly,BENIGN,
2025-11-10T19:36:28.940880,2025-11-10T19:36:28.953816,12.936,0.0.0.0,0.0.0.0,0,0,Anomaly,Statistical anomaly,BENIGN,
2025-11-10T19:36:28.969295,2025-11-10T19:36:28.981797,12.501999999999999,0.0.0.0,0.0.0.0,0,0,Anomaly,Statistical anomaly,BENIGN,
2025-11-10T19:36:28.997850,2025-11-10T19:36:29.009727,11.877,0.0.0.0,0.0.0.0,0,0,Anomaly,Statistical anomaly,BENIGN,
2025-11-10T19:36:29.028023,2025-11-10T19:36:29.039948,11.925,0.0.0.0,0.0.0.0,0,0,Anomaly,Statistical anomaly,BENIGN,
2025-11-10T19:36:29.061531,2025-11-10T19:36:29.072649,11.117999999999999,0.0.0.0,0.0.0.0,0,0,Anomaly,Statistical anomaly,BENIGN,
2025-11-10T19:36:29.089955,2025-11-10T19:36:29.102927,12.972,0.0.0.0,0.0.0.0,0,0,Anomaly,Statistical anomaly,BENIGN,
2025-11-10T19:36:29.116106,2025-11-10T19:36:29.127627,11.521,0.0.0.0,0.0.0.0,0,0,Anomaly,Statistical anomaly,BENIGN,
2025-11-10T19:36:29.140564,2025-11-10T19:36:29.150540,9.976,0.0.0.0,0.0.0.0,0,0,Anomaly,Statistical anomaly,BENIGN,
2025-11-10T19:36:29.161752,2025-11-10T19:36:29.171381,9.629,0.0.0.0,0.0.0.0,0,0,Anomaly,Statistical anomaly,BENIGN,
2025-11-10T19:36:29.184402,2025-11-10T19:36:29.194598,10.196,0.0.0.0,0.0.0.0,0,0,Anomaly,Statistical anomaly,BENIGN,
2025-11-10T19:36:29.222021,2025-11-10T19:36:29.231906,9.885,0.0.0.0,0.0.0.0,0,0,Anomaly,Statistical anomaly,BENIGN,
2025-11-10T19:36:29.255977,2025-11-10T19:36:29.267276,11.299,0.0.0.0,0.0.0.0,0,0,Anomaly,Statistical anomaly,BENIGN,
2025-11-10T19:36:29.282590,2025-11-10T19:36:29.291648,9.058,0.0.0.0,0.0.0.0,0,0,Anomaly,Statistical anomaly,BENIGN,
2025-11-10T19:36:29.301391,2025-11-10T19:36:29.313414,12.023000000000001,0.0.0.0,0.0.0.0,0,0,Anomaly,Statistical anomaly,BENIGN,
2025-11-10T19:36:29.342613,2025-11-10T19:36:29.356178,13.565000000000001,0.0.0.0,0.0.0.0,0,0,Anomaly,Statistical anomaly,BENIGN,
2025-11-10T19:36:29.378786,2025-11-10T19:36:29.391219,12.433,0.0.0.0,0.0.0.0,0,0,Anomaly,Statistical anomaly,BENIGN,
2025-11-10T19:36:29.414041,2025-11-10T19:36:29.426492,12.451,0.0.0.0,0.0.0.0,0,0,Anomaly,Statistical anomaly,BENIGN,
2025-11-10T19:36:29.453787,2025-11-10T19:36:29.464191,10.404,0.0.0.0,0.0.0.0,0,0,Anomaly,Statistical anomaly,BENIGN,
2025-11-10T19:36:29.472468,2025-11-10T19:36:29.482113,9.645000000000001,0.0.0.0,0.0.0.0,0,0,Anomaly,Statistical anomaly,BENIGN,
2025-11-10T19:36:29.493070,2025-11-10T19:36:29.502031,8.961,0.0.0.0,0.0.0.0,0,0,Anomaly,Statistical anomaly,BENIGN,
2025-11-10T19:36:29.520226,2025-11-10T19:36:29.532729,12.503,0.0.0.0,0.0.0.0,0,0,Anomaly,Statistical anomaly,BENIGN,
2025-11-10T19:36:29.555392,2025-11-10T19:36:29.568983,13.591000000000001,0.0.0.0,0.0.0.0,0,0,Anomaly,Statistical anomaly,BENIGN,
2025-11-10T19:36:29.581074,2025-11-10T19:36:29.593311,12.237,0.0.0.0,0.0.0.0,0,0,Anomaly,Statistical anomaly,BENIGN,
2025-11-10T19:36:29.617973,2025-11-10T19:36:29.631450,13.476999999999999,0.0.0.0,0.0.0.0,0,0,Anomaly,Statistical anomaly,BENIGN,
2025-11-10T19:36:29.655826,2025-11-10T19:36:29.667499,11.673,0.0.0.0,0.0.0.0,0,0,Anomaly,Statistical anomaly,BENIGN,
2025-11-10T19:36:29.713535,2025-11-10T19:36:29.724662,11.126999999999999,0.0.0.0,0.0.0.0,0,0,Anomaly,Statistical anomaly,BENIGN,
2025-11-10T19:36:29.740275,2025-11-10T19:36:29.749760,9.485000000000001,0.0.0.0,0.0.0.0,0,0,Anomaly,Statistical anomaly,BENIGN,
2025-11-10T19:36:29.779181,2025-11-10T19:36:29.789728,10.547,0.0.0.0,0.0.0.0,0,0,Anomaly,Statistical anomaly,BENIGN,
2025-11-10T19:36:29.812910,2025-11-10T19:36:29.825839,12.929,0.0.0.0,0.0.0.0,0,0,Anomaly,Statistical anomaly,BENIGN,
2025-11-10T19:36:29.848637,2025-11-10T19:36:29.861933,13.296000000000001,0.0.0.0,0.0.0.0,0,0,Anomaly,Statistical anomaly,BENIGN,
2025-11-10T19:36:29.873430,2025-11-10T19:36:29.884462,11.032,0.0.0.0,0.0.0.0,0,0,Anomaly,Statistical anomaly,BENIGN,
2025-11-10T19:36:29.910818,2025-11-10T19:36:29.920270,9.452,0.0.0.0,0.0.0.0,0,0,Anomaly,Statistical anomaly,BENIGN,
2025-11-10T19:36:29.931742,2025-11-10T19:36:29.940659,8.917,0.0.0.0,0.0.0.0,0,0,Anomaly,Statistical anomaly,BENIGN,
2025-11-10T19:36:29.964630,2025-11-10T19:36:29.974039,9.409,0.0.0.0,0.0.0.0,0,0,Anomaly,Statistical anomaly,BENIGN,
2025-11-10T19:36:29.994584,2025-11-10T19:36:30.003703,9.119,0.0.0.0,0.0.0.0,0,0,Anomaly,Statistical anomaly,BENIGN,
2025-11-10T19:36:30.022705,2025-11-10T19:36:30.033491,10.786,0.0.0.0,0.0.0.0,0,0,Anomaly,Statistical anomaly,BENIGN,
2025-11-10T19:36:30.058332,2025-11-10T19:36:30.070489,12.157,0.0.0.0,0.0.0.0,0,0,Anomaly,Statistical anomaly,BENIGN,
2025-11-10T19:36:30.084368,2025-11-10T19:36:30.098443,14.075000000000001,0.0.0.0,0.0.0.0,0,0,Anomaly,Statistical anomaly,BENIGN,
2025-11-10T19:36:30.120843,2025-11-10T19:36:30.132921,12.078,0.0.0.0,0.0.0.0,0,0,Anomaly,Statistical anomaly,BENIGN,
2025-11-10T19:36:30.191809,2025-11-10T19:36:30.206228,14.418999999999999,0.0.0.0,0.0.0.0,0,0,Anomaly,Statistical anomaly,BENIGN,
2025-11-10T19:36:30.230818,2025-11-10T19:36:30.244665,13.847,0.0.0.0,0.0.0.0,0,0,Anomaly,Statistical anomaly,BENIGN,
2025-11-10T19:36:30.260140,2025-11-10T19:36:30.273012,12.872,0.0.0.0,0.0.0.0,0,0,Anomaly,Statistical anomaly,BENIGN,
2025-11-10T19:36:30.293763,2025-11-10T19:36:30.305141,11.378,0.0.0.0,0.0.0.0,0,0,Anomaly,Statistical anomaly,BENIGN,
2025-11-10T19:36:30.332657,2025-11-10T19:36:30.346108,13.450999999999999,0.0.0.0,0.0.0.0,0,0,Anomaly,Statistical anomaly,BENIGN,
2025-11-10T19:36:30.360614,2025-11-10T19:36:30.371671,11.057,0.0.0.0,0.0.0.0,0,0,Anomaly,Statistical anomaly,BENIGN,
2025-11-10T19:36:30.397884,2025-11-10T19:36:30.412669,14.785,0.0.0.0,0.0.0.0,0,0,Anomaly,Statistical anomaly,BENIGN,
2025-11-10T19:36:30.439800,2025-11-10T19:36:30.450956,11.155999999999999,0.0.0.0,0.0.0.0,0,0,Anomaly,Statistical anomaly,BENIGN,
2025-11-10T19:36:30.470618,2025-11-10T19:36:30.486763,16.145,0.0.0.0,0.0.0.0,0,0,Anomaly,Statistical anomaly,BENIGN,
2025-11-10T19:36:30.504819,2025-11-10T19:36:30.516549,11.73,0.0.0.0,0.0.0.0,0,0,Anomaly,Statistical anomaly,BENIGN,
2025-11-10T19:36:30.543001,2025-11-10T19:36:30.553857,10.856,0.0.0.0,0.0.0.0,0,0,Anomaly,Statistical anomaly,BENIGN,
2025-11-10T19:36:30.568953,2025-11-10T19:36:30.579278,10.325000000000001,0.0.0.0,0.0.0.0,0,0,Anomaly,Statistical anomaly,BENIGN,
2025-11-10T19:36:30.596614,2025-11-10T19:36:30.605662,9.048,0.0.0.0,0.0.0.0,0,0,Anomaly,Statistical anomaly,BENIGN,
2025-11-10T19:36:30.661057,2025-11-10T19:36:30.669898,8.841,0.0.0.0,0.0.0.0,0,0,Anomaly,Statistical anomaly,BENIGN,
2025-11-10T19:36:30.679961,2025-11-10T19:36:30.688701,8.74,0.0.0.0,0.0.0.0,0,0,Anomaly,Statistical anomaly,BENIGN,
2025-11-10T19:36:30.699488,2025-11-10T19:36:30.708868,9.379999999999999,0.0.0.0,0.0.0.0,0,0,Anomaly,Statistical anomaly,BENIGN,
2025-11-10T19:36:30.727613,2025-11-10T19:36:30.736459,8.846,0.0.0.0,0.0.0.0,0,0,Anomaly,Statistical anomaly,BENIGN,
2025-11-10T19:36:30.760570,2025-11-10T19:36:30.772467,11.897,0.0.0.0,0.0.0.0,0,0,Anomaly,Statistical anomaly,BENIGN,
2025-11-10T19:36:30.792923,2025-11-10T19:36:30.803292,10.369,0.0.0.0,0.0.0.0,0,0,Anomaly,Statistical anomaly,BENIGN,
2025-11-10T19:36:30.816268,2025-11-10T19:36:30.826641,10.373000000000001,0.0.0.0,0.0.0.0,0,0,Anomaly,Statistical anomaly,BENIGN,
2025-11-10T19:36:30.849614,2025-11-10T19:36:30.859275,9.661,0.0.0.0,0.0.0.0,0,0,Anomaly,Statistical anomaly,BENIGN,
2025-11-10T19:36:30.905996,2025-11-10T19:36:30.916810,10.814,0.0.0.0,0.0.0.0,0,0,Anomaly,Statistical anomaly,BENIGN,
